repeticao,ordem,versao,topologia,cache,ciclos,tsc_hz,pacotes,ns_por_pacote
1,1,25.11,assimetrico,32,32859596,4391800000,2000000,3.7410
1,1,26.07,assimetrico,32,32874380,4391800000,2000000,3.7427
1,2,25.11,assimetrico,48,32363716,4391800000,2000000,3.6846
1,2,26.07,assimetrico,48,33185108,4391800000,2000000,3.7781
1,3,25.11,simetrico,32,15978952,4391800000,2000000,1.8192
1,3,26.07,simetrico,32,17126384,4391800000,2000000,1.9498
1,4,25.11,assimetrico,512,26015044,4391800000,2000000,2.9618
1,4,26.07,assimetrico,512,27267416,4391800000,2000000,3.1044
1,5,25.11,assimetrico,0,38843728,4391800000,2000000,4.4223
1,5,26.07,assimetrico,0,35682196,4391800000,2000000,4.0624
1,6,25.11,assimetrico,16,35780008,4391800000,2000000,4.0735
1,6,26.07,assimetrico,16,35651660,4391800000,2000000,4.0589
1,7,25.11,assimetrico,128,28241444,4391800000,2000000,3.2152
1,7,26.07,assimetrico,128,31420224,4391800000,2000000,3.5771
1,8,25.11,simetrico,96,15948812,4391800000,2000000,1.8157
1,8,26.07,simetrico,96,17156920,4391800000,2000000,1.9533
1,9,25.11,simetrico,256,15906132,4391800000,2000000,1.8109
1,9,26.07,simetrico,256,17120004,4391800000,2000000,1.9491
1,10,25.11,simetrico,48,15877752,4391800000,2000000,1.8077
1,10,26.07,simetrico,48,17064432,4391800000,2000000,1.9428
1,11,25.11,simetrico,0,17734904,4391800000,2000000,2.0191
1,11,26.07,simetrico,0,18845244,4391800000,2000000,2.1455
1,12,25.11,simetrico,128,15913656,4391800000,2000000,1.8117
1,12,26.07,simetrico,128,17121984,4391800000,2000000,1.9493
1,13,25.11,simetrico,512,15904152,4391800000,2000000,1.8107
1,13,26.07,simetrico,512,17075476,4391800000,2000000,1.9440
1,14,25.11,simetrico,24,15963156,4391800000,2000000,1.8174
1,14,26.07,simetrico,24,19239660,4391800000,2000000,2.1904
1,15,25.11,simetrico,64,15921092,4391800000,2000000,1.8126
1,15,26.07,simetrico,64,17250596,4391800000,2000000,1.9640
1,16,25.11,assimetrico,256,26213572,4391800000,2000000,2.9844
1,16,26.07,assimetrico,256,27367164,4391800000,2000000,3.1157
1,17,25.11,assimetrico,24,37047208,4391800000,2000000,4.2178
1,17,26.07,assimetrico,24,37081880,4391800000,2000000,4.2217
1,18,25.11,assimetrico,64,31474080,4391800000,2000000,3.5833
1,18,26.07,assimetrico,64,34583912,4391800000,2000000,3.9373
1,19,25.11,assimetrico,96,27590156,4391800000,2000000,3.1411
1,19,26.07,assimetrico,96,35189704,4391800000,2000000,4.0063
1,20,25.11,simetrico,16,20088112,4391800000,2000000,2.2870
1,20,26.07,simetrico,16,19121344,4391800000,2000000,2.1769
2,1,25.11,assimetrico,0,38960416,4391800000,2000000,4.4356
2,1,26.07,assimetrico,0,35549316,4391800000,2000000,4.0472
2,2,25.11,simetrico,256,15962716,4391800000,2000000,1.8173
2,2,26.07,simetrico,256,16998344,4391800000,2000000,1.9352
2,3,25.11,simetrico,64,15908948,4391800000,2000000,1.8112
2,3,26.07,simetrico,64,17126384,4391800000,2000000,1.9498
2,4,25.11,assimetrico,24,37099172,4391800000,2000000,4.2237
2,4,26.07,assimetrico,24,35408692,4391800000,2000000,4.0312
2,5,25.11,simetrico,512,15900720,4391800000,2000000,1.8103
2,5,26.07,simetrico,512,17089512,4391800000,2000000,1.9456
2,6,25.11,assimetrico,256,26566012,4391800000,2000000,3.0245
2,6,26.07,assimetrico,256,27337288,4391800000,2000000,3.1123
2,7,25.11,assimetrico,64,31832504,4391800000,2000000,3.6241
2,7,26.07,assimetrico,64,35080936,4391800000,2000000,3.9939
2,8,25.11,simetrico,96,15961352,4391800000,2000000,1.8172
2,8,26.07,simetrico,96,17111996,4391800000,2000000,1.9482
2,9,25.11,simetrico,32,15982824,4391800000,2000000,1.8196
2,9,26.07,simetrico,32,17088060,4391800000,2000000,1.9455
2,10,25.11,assimetrico,48,32164264,4391800000,2000000,3.6619
2,10,26.07,assimetrico,48,33176484,4391800000,2000000,3.7771
2,11,25.11,assimetrico,128,29051880,4391800000,2000000,3.3075
2,11,26.07,assimetrico,128,29335680,4391800000,2000000,3.3398
2,12,25.11,assimetrico,96,28236516,4391800000,2000000,3.2147
2,12,26.07,assimetrico,96,35429900,4391800000,2000000,4.0336
2,13,25.11,simetrico,16,20254432,4391800000,2000000,2.3059
2,13,26.07,simetrico,16,19375136,4391800000,2000000,2.2058
2,14,25.11,simetrico,48,15962584,4391800000,2000000,1.8173
2,14,26.07,simetrico,48,17169064,4391800000,2000000,1.9547
2,15,25.11,simetrico,128,15903492,4391800000,2000000,1.8106
2,15,26.07,simetrico,128,17151420,4391800000,2000000,1.9527
2,16,25.11,simetrico,24,15928616,4391800000,2000000,1.8134
2,16,26.07,simetrico,24,19127108,4391800000,2000000,2.1776
2,17,25.11,simetrico,0,18228760,4391800000,2000000,2.0753
2,17,26.07,simetrico,0,19536044,4391800000,2000000,2.2242
2,18,25.11,assimetrico,512,25999688,4391800000,2000000,2.9600
2,18,26.07,assimetrico,512,25614160,4391800000,2000000,2.9161
2,19,25.11,assimetrico,16,36015716,4391800000,2000000,4.1003
2,19,26.07,assimetrico,16,36754080,4391800000,2000000,4.1844
2,20,25.11,assimetrico,32,33549472,4391800000,2000000,3.8196
2,20,26.07,assimetrico,32,32848464,4391800000,2000000,3.7397
3,1,25.11,assimetrico,24,36914152,4391800000,2000000,4.2026
3,1,26.07,assimetrico,24,36398912,4391800000,2000000,4.1440
3,2,25.11,assimetrico,16,36216356,4391800000,2000000,4.1232
3,2,26.07,assimetrico,16,36270212,4391800000,2000000,4.1293
3,3,25.11,assimetrico,64,31572596,4391800000,2000000,3.5945
3,3,26.07,assimetrico,64,33981156,4391800000,2000000,3.8687
3,4,25.11,assimetrico,96,27294784,4391800000,2000000,3.1075
3,4,26.07,assimetrico,96,35092552,4391800000,2000000,3.9952
3,5,25.11,simetrico,16,20065716,4391800000,2000000,2.2845
3,5,26.07,simetrico,16,19056180,4391800000,2000000,2.1695
3,6,25.11,assimetrico,32,33157828,4391800000,2000000,3.7750
3,6,26.07,assimetrico,32,33351472,4391800000,2000000,3.7970
3,7,25.11,assimetrico,512,26333252,4391800000,2000000,2.9980
3,7,26.07,assimetrico,512,26060276,4391800000,2000000,2.9669
3,8,25.11,assimetrico,128,28204572,4391800000,2000000,3.2110
3,8,26.07,assimetrico,128,30022080,4391800000,2000000,3.4180
3,9,25.11,simetrico,96,15958184,4391800000,2000000,1.8168
3,9,26.07,simetrico,96,17136856,4391800000,2000000,1.9510
3,10,25.11,simetrico,32,15939484,4391800000,2000000,1.8147
3,10,26.07,simetrico,32,17179228,4391800000,2000000,1.9558
3,11,25.11,simetrico,64,15928748,4391800000,2000000,1.8135
3,11,26.07,simetrico,64,17197796,4391800000,2000000,1.9579
3,12,25.11,assimetrico,0,38306444,4391800000,2000000,4.3611
3,12,26.07,assimetrico,0,35714140,4391800000,2000000,4.0660
3,13,25.11,simetrico,48,15950572,4391800000,2000000,1.8159
3,13,26.07,simetrico,48,17096552,4391800000,2000000,1.9464
3,14,25.11,simetrico,0,17797296,4391800000,2000000,2.0262
3,14,26.07,simetrico,0,20014632,4391800000,2000000,2.2786
3,15,25.11,simetrico,128,15915196,4391800000,2000000,1.8119
3,15,26.07,simetrico,128,17169768,4391800000,2000000,1.9548
3,16,25.11,simetrico,24,16010500,4391800000,2000000,1.8228
3,16,26.07,simetrico,24,19089576,4391800000,2000000,2.1733
3,17,25.11,assimetrico,256,26335012,4391800000,2000000,2.9982
3,17,26.07,assimetrico,256,27826876,4391800000,2000000,3.1680
3,18,25.11,assimetrico,48,32200828,4391800000,2000000,3.6660
3,18,26.07,assimetrico,48,33199364,4391800000,2000000,3.7797
3,19,25.11,simetrico,512,15911368,4391800000,2000000,1.8115
3,19,26.07,simetrico,512,17100380,4391800000,2000000,1.9469
3,20,25.11,simetrico,256,15894516,4391800000,2000000,1.8096
3,20,26.07,simetrico,256,17097476,4391800000,2000000,1.9465
4,1,25.11,assimetrico,48,32819556,4391800000,2000000,3.7365
4,1,26.07,assimetrico,48,32359976,4391800000,2000000,3.6841
4,2,25.11,assimetrico,32,33472692,4391800000,2000000,3.8108
4,2,26.07,assimetrico,32,33308352,4391800000,2000000,3.7921
4,3,25.11,assimetrico,512,26347596,4391800000,2000000,2.9996
4,3,26.07,assimetrico,512,26488396,4391800000,2000000,3.0157
4,4,25.11,assimetrico,24,37093760,4391800000,2000000,4.2231
4,4,26.07,assimetrico,24,37267428,4391800000,2000000,4.2428
4,5,25.11,simetrico,256,15913612,4391800000,2000000,1.8117
4,5,26.07,simetrico,256,17143280,4391800000,2000000,1.9517
4,6,25.11,assimetrico,256,27031004,4391800000,2000000,3.0774
4,6,26.07,assimetrico,256,27759864,4391800000,2000000,3.1604
4,7,25.11,assimetrico,16,36375944,4391800000,2000000,4.1413
4,7,26.07,assimetrico,16,36009556,4391800000,2000000,4.0996
4,8,25.11,assimetrico,128,28585348,4391800000,2000000,3.2544
4,8,26.07,assimetrico,128,29333216,4391800000,2000000,3.3395
4,9,25.11,simetrico,48,15935348,4391800000,2000000,1.8142
4,9,26.07,simetrico,48,17115692,4391800000,2000000,1.9486
4,10,25.11,simetrico,24,15913744,4391800000,2000000,1.8118
4,10,26.07,simetrico,24,19105284,4391800000,2000000,2.1751
4,11,25.11,simetrico,128,15881316,4391800000,2000000,1.8081
4,11,26.07,simetrico,128,17128672,4391800000,2000000,1.9501
4,12,25.11,assimetrico,64,31467436,4391800000,2000000,3.5825
4,12,26.07,assimetrico,64,34607892,4391800000,2000000,3.9401
4,13,25.11,assimetrico,96,27634640,4391800000,2000000,3.1462
4,13,26.07,assimetrico,96,35406932,4391800000,2000000,4.0310
4,14,25.11,simetrico,96,15942168,4391800000,2000000,1.8150
4,14,26.07,simetrico,96,17092636,4391800000,2000000,1.9460
4,15,25.11,simetrico,32,15930288,4391800000,2000000,1.8136
4,15,26.07,simetrico,32,17068436,4391800000,2000000,1.9432
4,16,25.11,assimetrico,0,37614984,4391800000,2000000,4.2824
4,16,26.07,assimetrico,0,35234672,4391800000,2000000,4.0114
4,17,25.11,simetrico,512,15918364,4391800000,2000000,1.8123
4,17,26.07,simetrico,512,17102624,4391800000,2000000,1.9471
4,18,25.11,simetrico,0,17912356,4391800000,2000000,2.0393
4,18,26.07,simetrico,0,19437572,4391800000,2000000,2.2129
4,19,25.11,simetrico,16,20195032,4391800000,2000000,2.2992
4,19,26.07,simetrico,16,19085308,4391800000,2000000,2.1728
4,20,25.11,simetrico,64,15899664,4391800000,2000000,1.8102
4,20,26.07,simetrico,64,17117760,4391800000,2000000,1.9488
5,1,25.11,assimetrico,0,38548268,4391800000,2000000,4.3887
5,1,26.07,assimetrico,0,36735644,4391800000,2000000,4.1823
5,2,25.11,assimetrico,16,36156604,4391800000,2000000,4.1164
5,2,26.07,assimetrico,16,36116960,4391800000,2000000,4.1119
5,3,25.11,assimetrico,96,27951836,4391800000,2000000,3.1823
5,3,26.07,assimetrico,96,35729452,4391800000,2000000,4.0677
5,4,25.11,assimetrico,128,28559256,4391800000,2000000,3.2514
5,4,26.07,assimetrico,128,29495004,4391800000,2000000,3.3580
5,5,25.11,assimetrico,256,26477660,4391800000,2000000,3.0144
5,5,26.07,assimetrico,256,27592620,4391800000,2000000,3.1414
5,6,25.11,assimetrico,64,31221520,4391800000,2000000,3.5545
5,6,26.07,assimetrico,64,33952732,4391800000,2000000,3.8655
5,7,25.11,assimetrico,32,32615880,4391800000,2000000,3.7133
5,7,26.07,assimetrico,32,32937608,4391800000,2000000,3.7499
5,8,25.11,simetrico,0,17807944,4391800000,2000000,2.0274
5,8,26.07,simetrico,0,19221884,4391800000,2000000,2.1884
5,9,25.11,simetrico,16,20124104,4391800000,2000000,2.2911
5,9,26.07,simetrico,16,19108980,4391800000,2000000,2.1755
5,10,25.11,simetrico,32,15904328,4391800000,2000000,1.8107
5,10,26.07,simetrico,32,17138616,4391800000,2000000,1.9512
5,11,25.11,simetrico,48,15951012,4391800000,2000000,1.8160
5,11,26.07,simetrico,48,17114548,4391800000,2000000,1.9485
5,12,25.11,simetrico,512,15893416,4391800000,2000000,1.8094
5,12,26.07,simetrico,512,17230884,4391800000,2000000,1.9617
5,13,25.11,assimetrico,512,25926736,4391800000,2000000,2.9517
5,13,26.07,assimetrico,512,26315740,4391800000,2000000,2.9960
5,14,25.11,simetrico,128,15912864,4391800000,2000000,1.8117
5,14,26.07,simetrico,128,17041244,4391800000,2000000,1.9401
5,15,25.11,simetrico,96,15900368,4391800000,2000000,1.8102
5,15,26.07,simetrico,96,17161100,4391800000,2000000,1.9538
5,16,25.11,assimetrico,24,37600200,4391800000,2000000,4.2807
5,16,26.07,assimetrico,24,35788940,4391800000,2000000,4.0745
5,17,25.11,simetrico,24,15928352,4391800000,2000000,1.8134
5,17,26.07,simetrico,24,19064848,4391800000,2000000,2.1705
5,18,25.11,simetrico,256,15917132,4391800000,2000000,1.8121
5,18,26.07,simetrico,256,17095672,4391800000,2000000,1.9463
5,19,25.11,simetrico,64,15889368,4391800000,2000000,1.8090
5,19,26.07,simetrico,64,17140508,4391800000,2000000,1.9514
5,20,25.11,assimetrico,48,32559956,4391800000,2000000,3.7069
5,20,26.07,assimetrico,48,33239272,4391800000,2000000,3.7842
6,1,25.11,assimetrico,32,33706376,4391800000,2000000,3.8374
6,1,26.07,assimetrico,32,32870464,4391800000,2000000,3.7423
6,2,25.11,assimetrico,48,33053108,4391800000,2000000,3.7630
6,2,26.07,assimetrico,48,32685620,4391800000,2000000,3.7212
6,3,25.11,assimetrico,96,27969876,4391800000,2000000,3.1843
6,3,26.07,assimetrico,96,35842840,4391800000,2000000,4.0807
6,4,25.11,assimetrico,24,37043028,4391800000,2000000,4.2173
6,4,26.07,assimetrico,24,36377308,4391800000,2000000,4.1415
6,5,25.11,simetrico,512,15887696,4391800000,2000000,1.8088
6,5,26.07,simetrico,512,17169196,4391800000,2000000,1.9547
6,6,25.11,assimetrico,256,26664396,4391800000,2000000,3.0357
6,6,26.07,assimetrico,256,27863132,4391800000,2000000,3.1722
6,7,25.11,simetrico,128,15954356,4391800000,2000000,1.8164
6,7,26.07,simetrico,128,17113008,4391800000,2000000,1.9483
6,8,25.11,assimetrico,16,35565332,4391800000,2000000,4.0491
6,8,26.07,assimetrico,16,37360664,4391800000,2000000,4.2535
6,9,25.11,simetrico,16,20069588,4391800000,2000000,2.2849
6,9,26.07,simetrico,16,19072592,4391800000,2000000,2.1714
6,10,25.11,simetrico,64,15935568,4391800000,2000000,1.8142
6,10,26.07,simetrico,64,17133688,4391800000,2000000,1.9506
6,11,25.11,simetrico,256,15954708,4391800000,2000000,1.8164
6,11,26.07,simetrico,256,17116484,4391800000,2000000,1.9487
6,12,25.11,assimetrico,64,31596576,4391800000,2000000,3.5972
6,12,26.07,assimetrico,64,34767304,4391800000,2000000,3.9582
6,13,25.11,simetrico,0,18206408,4391800000,2000000,2.0728
6,13,26.07,simetrico,0,19113996,4391800000,2000000,2.1761
6,14,25.11,simetrico,96,15935832,4391800000,2000000,1.8143
6,14,26.07,simetrico,96,17099060,4391800000,2000000,1.9467
6,15,25.11,assimetrico,0,37489012,4391800000,2000000,4.2681
6,15,26.07,assimetrico,0,34922008,4391800000,2000000,3.9758
6,16,25.11,simetrico,48,15923424,4391800000,2000000,1.8129
6,16,26.07,simetrico,48,17105528,4391800000,2000000,1.9474
6,17,25.11,simetrico,32,15955676,4391800000,2000000,1.8165
6,17,26.07,simetrico,32,17020476,4391800000,2000000,1.9378
6,18,25.11,assimetrico,128,28088060,4391800000,2000000,3.1978
6,18,26.07,assimetrico,128,29599680,4391800000,2000000,3.3699
6,19,25.11,simetrico,24,15989248,4391800000,2000000,1.8204
6,19,26.07,simetrico,24,19065376,4391800000,2000000,2.1706
6,20,25.11,assimetrico,512,26406688,4391800000,2000000,3.0064
6,20,26.07,assimetrico,512,26253436,4391800000,2000000,2.9889
7,1,25.11,simetrico,128,15913084,4391800000,2000000,1.8117
7,1,26.07,simetrico,128,17083264,4391800000,2000000,1.9449
7,2,25.11,assimetrico,256,26198216,4391800000,2000000,2.9826
7,2,26.07,assimetrico,256,27206564,4391800000,2000000,3.0974
7,3,25.11,simetrico,0,18097024,4391800000,2000000,2.0603
7,3,26.07,simetrico,0,18888672,4391800000,2000000,2.1504
7,4,25.11,assimetrico,16,35321968,4391800000,2000000,4.0214
7,4,26.07,assimetrico,16,37057856,4391800000,2000000,4.2190
7,5,25.11,simetrico,512,15933236,4391800000,2000000,1.8140
7,5,26.07,simetrico,512,17119212,4391800000,2000000,1.9490
7,6,25.11,simetrico,256,15925008,4391800000,2000000,1.8130
7,6,26.07,simetrico,256,17129508,4391800000,2000000,1.9502
7,7,25.11,simetrico,32,15913788,4391800000,2000000,1.8118
7,7,26.07,simetrico,32,17095320,4391800000,2000000,1.9463
7,8,25.11,assimetrico,96,28044280,4391800000,2000000,3.1928
7,8,26.07,assimetrico,96,35015552,4391800000,2000000,3.9865
7,9,25.11,simetrico,64,16001876,4391800000,2000000,1.8218
7,9,26.07,simetrico,64,17094088,4391800000,2000000,1.9461
7,10,25.11,assimetrico,0,38737204,4391800000,2000000,4.4102
7,10,26.07,assimetrico,0,37478628,4391800000,2000000,4.2669
7,11,25.11,simetrico,96,15905164,4391800000,2000000,1.8108
7,11,26.07,simetrico,96,17194628,4391800000,2000000,1.9576
7,12,25.11,assimetrico,48,32312632,4391800000,2000000,3.6787
7,12,26.07,assimetrico,48,32685004,4391800000,2000000,3.7211
7,13,25.11,assimetrico,512,26945072,4391800000,2000000,3.0677
7,13,26.07,assimetrico,512,27019388,4391800000,2000000,3.0761
7,14,25.11,assimetrico,24,37488968,4391800000,2000000,4.2681
7,14,26.07,assimetrico,24,36399000,4391800000,2000000,4.1440
7,15,25.11,simetrico,24,15955456,4391800000,2000000,1.8165
7,15,26.07,simetrico,24,19100532,4391800000,2000000,2.1746
7,16,25.11,simetrico,16,20091764,4391800000,2000000,2.2874
7,16,26.07,simetrico,16,19130892,4391800000,2000000,2.1780
7,17,25.11,assimetrico,32,33114400,4391800000,2000000,3.7700
7,17,26.07,assimetrico,32,33144672,4391800000,2000000,3.7735
7,18,25.11,simetrico,48,15940540,4391800000,2000000,1.8148
7,18,26.07,simetrico,48,17102360,4391800000,2000000,1.9471
7,19,25.11,assimetrico,128,28541832,4391800000,2000000,3.2494
7,19,26.07,assimetrico,128,29573060,4391800000,2000000,3.3668
7,20,25.11,assimetrico,64,31462640,4391800000,2000000,3.5820
7,20,26.07,assimetrico,64,34223024,4391800000,2000000,3.8962
8,1,25.11,assimetrico,16,36250412,4391800000,2000000,4.1271
8,1,26.07,assimetrico,16,36070188,4391800000,2000000,4.1065
8,2,25.11,simetrico,96,15977324,4391800000,2000000,1.8190
8,2,26.07,simetrico,96,17135668,4391800000,2000000,1.9509
8,3,25.11,assimetrico,512,25816164,4391800000,2000000,2.9391
8,3,26.07,assimetrico,512,26514092,4391800000,2000000,3.0186
8,4,25.11,assimetrico,24,37139740,4391800000,2000000,4.2283
8,4,26.07,assimetrico,24,37139256,4391800000,2000000,4.2282
8,5,25.11,assimetrico,0,38157856,4391800000,2000000,4.3442
8,5,26.07,assimetrico,0,35896828,4391800000,2000000,4.0868
8,6,25.11,simetrico,24,15958624,4391800000,2000000,1.8169
8,6,26.07,simetrico,24,19140000,4391800000,2000000,2.1791
8,7,25.11,simetrico,64,15958536,4391800000,2000000,1.8169
8,7,26.07,simetrico,64,17131048,4391800000,2000000,1.9503
8,8,25.11,simetrico,0,17827348,4391800000,2000000,2.0296
8,8,26.07,simetrico,0,19167236,4391800000,2000000,2.1822
8,9,25.11,assimetrico,256,26421868,4391800000,2000000,3.0081
8,9,26.07,assimetrico,256,27837128,4391800000,2000000,3.1692
8,10,25.11,simetrico,48,15881800,4391800000,2000000,1.8081
8,10,26.07,simetrico,48,17289096,4391800000,2000000,1.9683
8,11,25.11,simetrico,256,15911632,4391800000,2000000,1.8115
8,11,26.07,simetrico,256,17086960,4391800000,2000000,1.9453
8,12,25.11,assimetrico,48,32746208,4391800000,2000000,3.7281
8,12,26.07,assimetrico,48,33093060,4391800000,2000000,3.7676
8,13,25.11,simetrico,16,20061668,4391800000,2000000,2.2840
8,13,26.07,simetrico,16,19154036,4391800000,2000000,2.1807
8,14,25.11,simetrico,512,15919904,4391800000,2000000,1.8125
8,14,26.07,simetrico,512,17129992,4391800000,2000000,1.9502
8,15,25.11,assimetrico,64,31146104,4391800000,2000000,3.5459
8,15,26.07,assimetrico,64,34523148,4391800000,2000000,3.9304
8,16,25.11,assimetrico,128,28018628,4391800000,2000000,3.1899
8,16,26.07,assimetrico,128,30045312,4391800000,2000000,3.4206
8,17,25.11,assimetrico,32,33436260,4391800000,2000000,3.8067
8,17,26.07,assimetrico,32,31932868,4391800000,2000000,3.6355
8,18,25.11,assimetrico,96,28079700,4391800000,2000000,3.1968
8,18,26.07,assimetrico,96,35319592,4391800000,2000000,4.0211
8,19,25.11,simetrico,32,15903492,4391800000,2000000,1.8106
8,19,26.07,simetrico,32,17131620,4391800000,2000000,1.9504
8,20,25.11,simetrico,128,15903184,4391800000,2000000,1.8106
8,20,26.07,simetrico,128,17159252,4391800000,2000000,1.9536
9,1,25.11,assimetrico,64,31358756,4391800000,2000000,3.5701
9,1,26.07,assimetrico,64,34534104,4391800000,2000000,3.9317
9,2,25.11,simetrico,256,15972880,4391800000,2000000,1.8185
9,2,26.07,simetrico,256,17103812,4391800000,2000000,1.9472
9,3,25.11,assimetrico,96,28022940,4391800000,2000000,3.1904
9,3,26.07,assimetrico,96,35321660,4391800000,2000000,4.0213
9,4,25.11,assimetrico,0,38402936,4391800000,2000000,4.3721
9,4,26.07,assimetrico,0,35572988,4391800000,2000000,4.0499
9,5,25.11,simetrico,48,15927692,4391800000,2000000,1.8133
9,5,26.07,simetrico,48,17117672,4391800000,2000000,1.9488
9,6,25.11,assimetrico,256,26533760,4391800000,2000000,3.0208
9,6,26.07,assimetrico,256,27015956,4391800000,2000000,3.0757
9,7,25.11,simetrico,32,15917308,4391800000,2000000,1.8122
9,7,26.07,simetrico,32,17074508,4391800000,2000000,1.9439
9,8,25.11,assimetrico,32,33310464,4391800000,2000000,3.7923
9,8,26.07,assimetrico,32,32662828,4391800000,2000000,3.7186
9,9,25.11,simetrico,64,15984584,4391800000,2000000,1.8198
9,9,26.07,simetrico,64,17109400,4391800000,2000000,1.9479
9,10,25.11,simetrico,24,15925844,4391800000,2000000,1.8131
9,10,26.07,simetrico,24,19070920,4391800000,2000000,2.1712
9,11,25.11,assimetrico,48,32317912,4391800000,2000000,3.6793
9,11,26.07,assimetrico,48,33069872,4391800000,2000000,3.7650
9,12,25.11,assimetrico,512,26303464,4391800000,2000000,2.9946
9,12,26.07,assimetrico,512,25924800,4391800000,2000000,2.9515
9,13,25.11,assimetrico,128,28103108,4391800000,2000000,3.1995
9,13,26.07,assimetrico,128,29393848,4391800000,2000000,3.3464
9,14,25.11,simetrico,128,15953740,4391800000,2000000,1.8163
9,14,26.07,simetrico,128,17112832,4391800000,2000000,1.9483
9,15,25.11,simetrico,16,20118956,4391800000,2000000,2.2905
9,15,26.07,simetrico,16,19091468,4391800000,2000000,2.1735
9,16,25.11,simetrico,0,18179656,4391800000,2000000,2.0697
9,16,26.07,simetrico,0,18827160,4391800000,2000000,2.1434
9,17,25.11,assimetrico,24,37414564,4391800000,2000000,4.2596
9,17,26.07,assimetrico,24,36312980,4391800000,2000000,4.1342
9,18,25.11,simetrico,512,15995672,4391800000,2000000,1.8211
9,18,26.07,simetrico,512,17077412,4391800000,2000000,1.9442
9,19,25.11,assimetrico,16,36387868,4391800000,2000000,4.1427
9,19,26.07,assimetrico,16,37017860,4391800000,2000000,4.2144
9,20,25.11,simetrico,96,16660160,4391800000,2000000,1.8967
9,20,26.07,simetrico,96,17119872,4391800000,2000000,1.9491
10,1,25.11,assimetrico,256,26774220,4391800000,2000000,3.0482
10,1,26.07,assimetrico,256,28413440,4391800000,2000000,3.2348
10,2,25.11,assimetrico,0,37326432,4391800000,2000000,4.2496
10,2,26.07,assimetrico,0,35754972,4391800000,2000000,4.0707
10,3,25.11,simetrico,96,15968216,4391800000,2000000,1.8180
10,3,26.07,simetrico,96,17108124,4391800000,2000000,1.9477
10,4,25.11,assimetrico,64,31281800,4391800000,2000000,3.5614
10,4,26.07,assimetrico,64,34251492,4391800000,2000000,3.8995
10,5,25.11,simetrico,64,15928220,4391800000,2000000,1.8134
10,5,26.07,simetrico,64,17093648,4391800000,2000000,1.9461
10,6,25.11,assimetrico,512,26382576,4391800000,2000000,3.0036
10,6,26.07,assimetrico,512,26658412,4391800000,2000000,3.0350
10,7,25.11,simetrico,256,15921840,4391800000,2000000,1.8127
10,7,26.07,simetrico,256,17095980,4391800000,2000000,1.9464
10,8,25.11,simetrico,512,15965356,4391800000,2000000,1.8176
10,8,26.07,simetrico,512,17152828,4391800000,2000000,1.9528
10,9,25.11,assimetrico,16,35682944,4391800000,2000000,4.0625
10,9,26.07,assimetrico,16,36799268,4391800000,2000000,4.1895
10,10,25.11,simetrico,128,15974772,4391800000,2000000,1.8187
10,10,26.07,simetrico,128,17189524,4391800000,2000000,1.9570
10,11,25.11,simetrico,48,15922148,4391800000,2000000,1.8127
10,11,26.07,simetrico,48,17136812,4391800000,2000000,1.9510
10,12,25.11,simetrico,32,15975388,4391800000,2000000,1.8188
10,12,26.07,simetrico,32,17134480,4391800000,2000000,1.9507
10,13,25.11,simetrico,16,20092996,4391800000,2000000,2.2876
10,13,26.07,simetrico,16,19238868,4391800000,2000000,2.1903
10,14,25.11,assimetrico,96,27643836,4391800000,2000000,3.1472
10,14,26.07,assimetrico,96,34951400,4391800000,2000000,3.9792
10,15,25.11,assimetrico,128,28302956,4391800000,2000000,3.2223
10,15,26.07,assimetrico,128,30160548,4391800000,2000000,3.4337
10,16,25.11,simetrico,24,15993208,4391800000,2000000,1.8208
10,16,26.07,simetrico,24,19810472,4391800000,2000000,2.2554
10,17,25.11,assimetrico,32,33186164,4391800000,2000000,3.7782
10,17,26.07,assimetrico,32,33101860,4391800000,2000000,3.7686
10,18,25.11,assimetrico,48,32249800,4391800000,2000000,3.6716
10,18,26.07,assimetrico,48,32691560,4391800000,2000000,3.7219
10,19,25.11,simetrico,0,18020420,4391800000,2000000,2.0516
10,19,26.07,simetrico,0,19381956,4391800000,2000000,2.2066
10,20,25.11,assimetrico,24,36685088,4391800000,2000000,4.1765
10,20,26.07,assimetrico,24,36630748,4391800000,2000000,4.1704
11,1,25.11,assimetrico,512,26372720,4391800000,2000000,3.0025
11,1,26.07,assimetrico,512,25880756,4391800000,2000000,2.9465
11,2,25.11,simetrico,32,15951540,4391800000,2000000,1.8161
11,2,26.07,simetrico,32,17191284,4391800000,2000000,1.9572
11,3,25.11,simetrico,96,15996508,4391800000,2000000,1.8212
11,3,26.07,simetrico,96,17102888,4391800000,2000000,1.9471
11,4,25.11,simetrico,48,15997960,4391800000,2000000,1.8213
11,4,26.07,simetrico,48,17094748,4391800000,2000000,1.9462
11,5,25.11,assimetrico,16,36661680,4391800000,2000000,4.1739
11,5,26.07,assimetrico,16,36648260,4391800000,2000000,4.1724
11,6,25.11,simetrico,24,15915372,4391800000,2000000,1.8119
11,6,26.07,simetrico,24,19138504,4391800000,2000000,2.1789
11,7,25.11,simetrico,512,15910840,4391800000,2000000,1.8114
11,7,26.07,simetrico,512,17108344,4391800000,2000000,1.9478
11,8,25.11,simetrico,0,18368812,4391800000,2000000,2.0913
11,8,26.07,simetrico,0,19038668,4391800000,2000000,2.1675
11,9,25.11,assimetrico,96,27575768,4391800000,2000000,3.1395
11,9,26.07,assimetrico,96,35764564,4391800000,2000000,4.0717
11,10,25.11,assimetrico,256,26568608,4391800000,2000000,3.0248
11,10,26.07,assimetrico,256,27410944,4391800000,2000000,3.1207
11,11,25.11,assimetrico,0,38116804,4391800000,2000000,4.3395
11,11,26.07,assimetrico,0,36466452,4391800000,2000000,4.1517
11,12,25.11,assimetrico,48,32939324,4391800000,2000000,3.7501
11,12,26.07,assimetrico,48,33544060,4391800000,2000000,3.8189
11,13,25.11,simetrico,256,15958008,4391800000,2000000,1.8168
11,13,26.07,simetrico,256,17201404,4391800000,2000000,1.9584
11,14,25.11,simetrico,128,15885848,4391800000,2000000,1.8086
11,14,26.07,simetrico,128,17129508,4391800000,2000000,1.9502
11,15,25.11,assimetrico,64,31494936,4391800000,2000000,3.5857
11,15,26.07,assimetrico,64,34279256,4391800000,2000000,3.9026
11,16,25.11,assimetrico,24,37296468,4391800000,2000000,4.2461
11,16,26.07,assimetrico,24,36178648,4391800000,2000000,4.1189
11,17,25.11,assimetrico,128,28384268,4391800000,2000000,3.2315
11,17,26.07,assimetrico,128,29400668,4391800000,2000000,3.3472
11,18,25.11,simetrico,16,20105756,4391800000,2000000,2.2890
11,18,26.07,simetrico,16,19079060,4391800000,2000000,2.1721
11,19,25.11,simetrico,64,15871372,4391800000,2000000,1.8069
11,19,26.07,simetrico,64,17143412,4391800000,2000000,1.9518
11,20,25.11,assimetrico,32,34349876,4391800000,2000000,3.9107
11,20,26.07,assimetrico,32,33314952,4391800000,2000000,3.7929
12,1,25.11,assimetrico,64,31629004,4391800000,2000000,3.6009
12,1,26.07,assimetrico,64,34869252,4391800000,2000000,3.9698
12,2,25.11,assimetrico,32,32912616,4391800000,2000000,3.7471
12,2,26.07,assimetrico,32,32733096,4391800000,2000000,3.7266
12,3,25.11,simetrico,24,15948416,4391800000,2000000,1.8157
12,3,26.07,simetrico,24,19102732,4391800000,2000000,2.1748
12,4,25.11,assimetrico,48,32106844,4391800000,2000000,3.6553
12,4,26.07,assimetrico,48,32571440,4391800000,2000000,3.7082
12,5,25.11,assimetrico,512,25615304,4391800000,2000000,2.9163
12,5,26.07,assimetrico,512,27816404,4391800000,2000000,3.1669
12,6,25.11,simetrico,256,15973144,4391800000,2000000,1.8185
12,6,26.07,simetrico,256,17107464,4391800000,2000000,1.9477
12,7,25.11,assimetrico,96,27693116,4391800000,2000000,3.1528
12,7,26.07,assimetrico,96,35085468,4391800000,2000000,3.9944
12,8,25.11,simetrico,128,15931740,4391800000,2000000,1.8138
12,8,26.07,simetrico,128,17128232,4391800000,2000000,1.9500
12,9,25.11,assimetrico,256,25919696,4391800000,2000000,2.9509
12,9,26.07,assimetrico,256,27727656,4391800000,2000000,3.1568
12,10,25.11,simetrico,512,15959944,4391800000,2000000,1.8170
12,10,26.07,simetrico,512,17136240,4391800000,2000000,1.9509
12,11,25.11,assimetrico,128,28252532,4391800000,2000000,3.2165
12,11,26.07,assimetrico,128,29709372,4391800000,2000000,3.3824
12,12,25.11,assimetrico,24,37344428,4391800000,2000000,4.2516
12,12,26.07,assimetrico,24,37071496,4391800000,2000000,4.2205
12,13,25.11,assimetrico,0,38115088,4391800000,2000000,4.3393
12,13,26.07,assimetrico,0,35418504,4391800000,2000000,4.0323
12,14,25.11,simetrico,32,15941508,4391800000,2000000,1.8149
12,14,26.07,simetrico,32,17077852,4391800000,2000000,1.9443
12,15,25.11,simetrico,0,18086068,4391800000,2000000,2.0591
12,15,26.07,simetrico,0,18867376,4391800000,2000000,2.1480
12,16,25.11,simetrico,64,15973980,4391800000,2000000,1.8186
12,16,26.07,simetrico,64,17078160,4391800000,2000000,1.9443
12,17,25.11,simetrico,16,20140032,4391800000,2000000,2.2929
12,17,26.07,simetrico,16,19091644,4391800000,2000000,2.1736
12,18,25.11,simetrico,48,15897332,4391800000,2000000,1.8099
12,18,26.07,simetrico,48,17275676,4391800000,2000000,1.9668
12,19,25.11,simetrico,96,15914316,4391800000,2000000,1.8118
12,19,26.07,simetrico,96,17106584,4391800000,2000000,1.9476
12,20,25.11,assimetrico,16,34898864,4391800000,2000000,3.9732
12,20,26.07,assimetrico,16,36508252,4391800000,2000000,4.1564
13,1,25.11,assimetrico,256,26292464,4391800000,2000000,2.9934
13,1,26.07,assimetrico,256,27790004,4391800000,2000000,3.1639
13,2,25.11,assimetrico,64,31465896,4391800000,2000000,3.5823
13,2,26.07,assimetrico,64,34720708,4391800000,2000000,3.9529
13,3,25.11,assimetrico,128,29043740,4391800000,2000000,3.3066
13,3,26.07,assimetrico,128,29734980,4391800000,2000000,3.3853
13,4,25.11,assimetrico,96,28743264,4391800000,2000000,3.2724
13,4,26.07,assimetrico,96,35723072,4391800000,2000000,4.0670
13,5,25.11,simetrico,48,15900236,4391800000,2000000,1.8102
13,5,26.07,simetrico,48,17158020,4391800000,2000000,1.9534
13,6,25.11,assimetrico,32,33446204,4391800000,2000000,3.8078
13,6,26.07,assimetrico,32,32501172,4391800000,2000000,3.7002
13,7,25.11,simetrico,0,17732396,4391800000,2000000,2.0188
13,7,26.07,simetrico,0,19573752,4391800000,2000000,2.2284
13,8,25.11,assimetrico,48,32918512,4391800000,2000000,3.7477
13,8,26.07,assimetrico,48,32295956,4391800000,2000000,3.6768
13,9,25.11,simetrico,128,15927208,4391800000,2000000,1.8133
13,9,26.07,simetrico,128,17136284,4391800000,2000000,1.9509
13,10,25.11,assimetrico,0,38985232,4391800000,2000000,4.4384
13,10,26.07,assimetrico,0,35107820,4391800000,2000000,3.9970
13,11,25.11,simetrico,96,16052124,4391800000,2000000,1.8275
13,11,26.07,simetrico,96,17185300,4391800000,2000000,1.9565
13,12,25.11,simetrico,32,15898872,4391800000,2000000,1.8101
13,12,26.07,simetrico,32,17133160,4391800000,2000000,1.9506
13,13,25.11,assimetrico,512,25763144,4391800000,2000000,2.9331
13,13,26.07,assimetrico,512,26159760,4391800000,2000000,2.9783
13,14,25.11,assimetrico,24,38122216,4391800000,2000000,4.3402
13,14,26.07,assimetrico,24,36619440,4391800000,2000000,4.1691
13,15,25.11,simetrico,512,15892932,4391800000,2000000,1.8094
13,15,26.07,simetrico,512,17101040,4391800000,2000000,1.9469
13,16,25.11,simetrico,64,15911500,4391800000,2000000,1.8115
13,16,26.07,simetrico,64,17142092,4391800000,2000000,1.9516
13,17,25.11,simetrico,256,15932576,4391800000,2000000,1.8139
13,17,26.07,simetrico,256,17101744,4391800000,2000000,1.9470
13,18,25.11,simetrico,16,20147336,4391800000,2000000,2.2937
13,18,26.07,simetrico,16,19612868,4391800000,2000000,2.2329
13,19,25.11,assimetrico,16,37346892,4391800000,2000000,4.2519
13,19,26.07,assimetrico,16,36090736,4391800000,2000000,4.1089
13,20,25.11,simetrico,24,15979656,4391800000,2000000,1.8193
13,20,26.07,simetrico,24,19065640,4391800000,2000000,2.1706
14,1,25.11,simetrico,256,15945116,4391800000,2000000,1.8153
14,1,26.07,simetrico,256,17080536,4391800000,2000000,1.9446
14,2,25.11,assimetrico,0,38273840,4391800000,2000000,4.3574
14,2,26.07,assimetrico,0,35663408,4391800000,2000000,4.0602
14,3,25.11,simetrico,512,15953520,4391800000,2000000,1.8163
14,3,26.07,simetrico,512,17120796,4391800000,2000000,1.9492
14,4,25.11,assimetrico,24,37602752,4391800000,2000000,4.2810
14,4,26.07,assimetrico,24,36101824,4391800000,2000000,4.1101
14,5,25.11,assimetrico,16,36082684,4391800000,2000000,4.1080
14,5,26.07,assimetrico,16,36637128,4391800000,2000000,4.1711
14,6,25.11,simetrico,48,15964696,4391800000,2000000,1.8176
14,6,26.07,simetrico,48,17178876,4391800000,2000000,1.9558
14,7,25.11,simetrico,96,15947404,4391800000,2000000,1.8156
14,7,26.07,simetrico,96,17106232,4391800000,2000000,1.9475
14,8,25.11,assimetrico,64,31606564,4391800000,2000000,3.5984
14,8,26.07,assimetrico,64,34867536,4391800000,2000000,3.9696
14,9,25.11,assimetrico,512,26576396,4391800000,2000000,3.0257
14,9,26.07,assimetrico,512,26185764,4391800000,2000000,2.9812
14,10,25.11,simetrico,0,17734332,4391800000,2000000,2.0190
14,10,26.07,simetrico,0,18951548,4391800000,2000000,2.1576
14,11,25.11,simetrico,128,15869304,4391800000,2000000,1.8067
14,11,26.07,simetrico,128,17137956,4391800000,2000000,1.9511
14,12,25.11,simetrico,32,15922236,4391800000,2000000,1.8127
14,12,26.07,simetrico,32,17135184,4391800000,2000000,1.9508
14,13,25.11,simetrico,16,20100212,4391800000,2000000,2.2884
14,13,26.07,simetrico,16,19092876,4391800000,2000000,2.1737
14,14,25.11,simetrico,24,15958096,4391800000,2000000,1.8168
14,14,26.07,simetrico,24,19122268,4391800000,2000000,2.1770
14,15,25.11,assimetrico,128,28159868,4391800000,2000000,3.2060
14,15,26.07,assimetrico,128,29935356,4391800000,2000000,3.4081
14,16,25.11,assimetrico,48,32964580,4391800000,2000000,3.7530
14,16,26.07,assimetrico,48,32695520,4391800000,2000000,3.7223
14,17,25.11,assimetrico,96,27441832,4391800000,2000000,3.1242
14,17,26.07,assimetrico,96,35444596,4391800000,2000000,4.0353
14,18,25.11,simetrico,64,15987092,4391800000,2000000,1.8201
14,18,26.07,simetrico,64,17100204,4391800000,2000000,1.9468
14,19,25.11,assimetrico,256,26827460,4391800000,2000000,3.0543
14,19,26.07,assimetrico,256,27603928,4391800000,2000000,3.1427
14,20,25.11,assimetrico,32,32822768,4391800000,2000000,3.7368
14,20,26.07,assimetrico,32,33388080,4391800000,2000000,3.8012
15,1,25.11,assimetrico,96,28945928,4391800000,2000000,3.2955
15,1,26.07,assimetrico,96,35481468,4391800000,2000000,4.0395
15,2,25.11,simetrico,16,20227240,4391800000,2000000,2.3028
15,2,26.07,simetrico,16,19134368,4391800000,2000000,2.1784
15,3,25.11,assimetrico,128,28915436,4391800000,2000000,3.2920
15,3,26.07,assimetrico,128,29574380,4391800000,2000000,3.3670
15,4,25.11,assimetrico,256,26446772,4391800000,2000000,3.0109
15,4,26.07,assimetrico,256,27621044,4391800000,2000000,3.1446
15,5,25.11,simetrico,0,18297884,4391800000,2000000,2.0832
15,5,26.07,simetrico,0,18874988,4391800000,2000000,2.1489
15,6,25.11,assimetrico,48,32996480,4391800000,2000000,3.7566
15,6,26.07,assimetrico,48,32974744,4391800000,2000000,3.7541
15,7,25.11,simetrico,24,15907672,4391800000,2000000,1.8111
15,7,26.07,simetrico,24,19174452,4391800000,2000000,2.1830
15,8,25.11,simetrico,64,15924832,4391800000,2000000,1.8130
15,8,26.07,simetrico,64,17116088,4391800000,2000000,1.9486
15,9,25.11,assimetrico,32,32891496,4391800000,2000000,3.7446
15,9,26.07,assimetrico,32,32806312,4391800000,2000000,3.7350
15,10,25.11,simetrico,512,15899312,4391800000,2000000,1.8101
15,10,26.07,simetrico,512,17163828,4391800000,2000000,1.9541
15,11,25.11,simetrico,256,15876916,4391800000,2000000,1.8076
15,11,26.07,simetrico,256,17114240,4391800000,2000000,1.9484
15,12,25.11,simetrico,32,15896276,4391800000,2000000,1.8098
15,12,26.07,simetrico,32,17108872,4391800000,2000000,1.9478
15,13,25.11,simetrico,96,15930552,4391800000,2000000,1.8137
15,13,26.07,simetrico,96,17144248,4391800000,2000000,1.9518
15,14,25.11,simetrico,48,15906000,4391800000,2000000,1.8109
15,14,26.07,simetrico,48,17139232,4391800000,2000000,1.9513
15,15,25.11,assimetrico,64,31785468,4391800000,2000000,3.6187
15,15,26.07,assimetrico,64,34115180,4391800000,2000000,3.8840
15,16,25.11,assimetrico,16,35526744,4391800000,2000000,4.0447
15,16,26.07,assimetrico,16,37476384,4391800000,2000000,4.2666
15,17,25.11,assimetrico,24,37281156,4391800000,2000000,4.2444
15,17,26.07,assimetrico,24,37297568,4391800000,2000000,4.2463
15,18,25.11,assimetrico,512,26301220,4391800000,2000000,2.9944
15,18,26.07,assimetrico,512,26408448,4391800000,2000000,3.0066
15,19,25.11,assimetrico,0,38953068,4391800000,2000000,4.4347
15,19,26.07,assimetrico,0,35699136,4391800000,2000000,4.0643
15,20,25.11,simetrico,128,15891084,4391800000,2000000,1.8092
15,20,26.07,simetrico,128,17093692,4391800000,2000000,1.9461
16,1,25.11,assimetrico,48,31968332,4391800000,2000000,3.6395
16,1,26.07,assimetrico,48,33177100,4391800000,2000000,3.7772
16,2,25.11,simetrico,48,15930508,4391800000,2000000,1.8137
16,2,26.07,simetrico,48,17100864,4391800000,2000000,1.9469
16,3,25.11,simetrico,256,15973056,4391800000,2000000,1.8185
16,3,26.07,simetrico,256,16975244,4391800000,2000000,1.9326
16,4,25.11,assimetrico,128,28110852,4391800000,2000000,3.2004
16,4,26.07,assimetrico,128,30066388,4391800000,2000000,3.4230
16,5,25.11,simetrico,512,15895836,4391800000,2000000,1.8097
16,5,26.07,simetrico,512,17166688,4391800000,2000000,1.9544
16,6,25.11,assimetrico,96,27578892,4391800000,2000000,3.1398
16,6,26.07,assimetrico,96,34580524,4391800000,2000000,3.9369
16,7,25.11,simetrico,64,15941816,4391800000,2000000,1.8150
16,7,26.07,simetrico,64,17149440,4391800000,2000000,1.9524
16,8,25.11,assimetrico,256,26214716,4391800000,2000000,2.9845
16,8,26.07,assimetrico,256,27828768,4391800000,2000000,3.1683
16,9,25.11,simetrico,16,20104392,4391800000,2000000,2.2889
16,9,26.07,simetrico,16,19078180,4391800000,2000000,2.1720
16,10,25.11,simetrico,128,15911676,4391800000,2000000,1.8115
16,10,26.07,simetrico,128,17136020,4391800000,2000000,1.9509
16,11,25.11,assimetrico,512,26449720,4391800000,2000000,3.0113
16,11,26.07,assimetrico,512,25883308,4391800000,2000000,2.9468
16,12,25.11,assimetrico,0,38713048,4391800000,2000000,4.4074
16,12,26.07,assimetrico,0,35639560,4391800000,2000000,4.0575
16,13,25.11,simetrico,24,15930200,4391800000,2000000,1.8136
16,13,26.07,simetrico,24,19098464,4391800000,2000000,2.1743
16,14,25.11,assimetrico,24,36845644,4391800000,2000000,4.1948
16,14,26.07,assimetrico,24,36388792,4391800000,2000000,4.1428
16,15,25.11,simetrico,96,16018288,4391800000,2000000,1.8237
16,15,26.07,simetrico,96,17218476,4391800000,2000000,1.9603
16,16,25.11,assimetrico,32,33414172,4391800000,2000000,3.8042
16,16,26.07,assimetrico,32,33129536,4391800000,2000000,3.7717
16,17,25.11,assimetrico,64,31360384,4391800000,2000000,3.5703
16,17,26.07,assimetrico,64,34843204,4391800000,2000000,3.9668
16,18,25.11,simetrico,0,18189512,4391800000,2000000,2.0708
16,18,26.07,simetrico,0,18818448,4391800000,2000000,2.1425
16,19,25.11,simetrico,32,15939792,4391800000,2000000,1.8147
16,19,26.07,simetrico,32,17137428,4391800000,2000000,1.9511
16,20,25.11,assimetrico,16,38064180,4391800000,2000000,4.3336
16,20,26.07,assimetrico,16,35552748,4391800000,2000000,4.0476
17,1,25.11,simetrico,0,18130068,4391800000,2000000,2.0641
17,1,26.07,simetrico,0,19795424,4391800000,2000000,2.2537
17,2,25.11,simetrico,128,15937416,4391800000,2000000,1.8145
17,2,26.07,simetrico,128,17118420,4391800000,2000000,1.9489
17,3,25.11,assimetrico,256,26187392,4391800000,2000000,2.9814
17,3,26.07,assimetrico,256,27374732,4391800000,2000000,3.1166
17,4,25.11,simetrico,96,15942520,4391800000,2000000,1.8150
17,4,26.07,simetrico,96,17067160,4391800000,2000000,1.9431
17,5,25.11,simetrico,256,15900060,4391800000,2000000,1.8102
17,5,26.07,simetrico,256,17136108,4391800000,2000000,1.9509
17,6,25.11,simetrico,64,15961968,4391800000,2000000,1.8172
17,6,26.07,simetrico,64,17304760,4391800000,2000000,1.9701
17,7,25.11,simetrico,24,15926284,4391800000,2000000,1.8132
17,7,26.07,simetrico,24,19206968,4391800000,2000000,2.1867
17,8,25.11,simetrico,16,20076540,4391800000,2000000,2.2857
17,8,26.07,simetrico,16,19121476,4391800000,2000000,2.1770
17,9,25.11,assimetrico,32,33585068,4391800000,2000000,3.8236
17,9,26.07,assimetrico,32,32571396,4391800000,2000000,3.7082
17,10,25.11,assimetrico,96,27515928,4391800000,2000000,3.1326
17,10,26.07,assimetrico,96,35111692,4391800000,2000000,3.9974
17,11,25.11,assimetrico,24,37328148,4391800000,2000000,4.2498
17,11,26.07,assimetrico,24,35994816,4391800000,2000000,4.0980
17,12,25.11,simetrico,32,15897376,4391800000,2000000,1.8099
17,12,26.07,simetrico,32,17079348,4391800000,2000000,1.9445
17,13,25.11,assimetrico,48,32273076,4391800000,2000000,3.6742
17,13,26.07,assimetrico,48,33049632,4391800000,2000000,3.7627
17,14,25.11,assimetrico,0,38229752,4391800000,2000000,4.3524
17,14,26.07,assimetrico,0,37029828,4391800000,2000000,4.2158
17,15,25.11,simetrico,512,15993472,4391800000,2000000,1.8208
17,15,26.07,simetrico,512,17214296,4391800000,2000000,1.9598
17,16,25.11,assimetrico,512,26482764,4391800000,2000000,3.0150
17,16,26.07,assimetrico,512,26087028,4391800000,2000000,2.9700
17,17,25.11,assimetrico,64,31402668,4391800000,2000000,3.5751
17,17,26.07,assimetrico,64,34207800,4391800000,2000000,3.8945
17,18,25.11,simetrico,48,15904196,4391800000,2000000,1.8107
17,18,26.07,simetrico,48,17119960,4391800000,2000000,1.9491
17,19,25.11,assimetrico,16,35603216,4391800000,2000000,4.0534
17,19,26.07,assimetrico,16,36003968,4391800000,2000000,4.0990
17,20,25.11,assimetrico,128,27994164,4391800000,2000000,3.1871
17,20,26.07,assimetrico,128,30088828,4391800000,2000000,3.4256
18,1,25.11,simetrico,512,15978820,4391800000,2000000,1.8192
18,1,26.07,simetrico,512,17163652,4391800000,2000000,1.9541
18,2,25.11,assimetrico,32,33174284,4391800000,2000000,3.7768
18,2,26.07,assimetrico,32,32870948,4391800000,2000000,3.7423
18,3,25.11,simetrico,0,17857180,4391800000,2000000,2.0330
18,3,26.07,simetrico,0,19267820,4391800000,2000000,2.1936
18,4,25.11,simetrico,32,15907100,4391800000,2000000,1.8110
18,4,26.07,simetrico,32,17117584,4391800000,2000000,1.9488
18,5,25.11,simetrico,128,15903184,4391800000,2000000,1.8106
18,5,26.07,simetrico,128,17127924,4391800000,2000000,1.9500
18,6,25.11,simetrico,24,15905648,4391800000,2000000,1.8108
18,6,26.07,simetrico,24,19108672,4391800000,2000000,2.1755
18,7,25.11,assimetrico,128,28583676,4391800000,2000000,3.2542
18,7,26.07,assimetrico,128,31564940,4391800000,2000000,3.5936
18,8,25.11,assimetrico,0,38205640,4391800000,2000000,4.3497
18,8,26.07,assimetrico,0,34969792,4391800000,2000000,3.9813
18,9,25.11,assimetrico,48,34342044,4391800000,2000000,3.9098
18,9,26.07,assimetrico,48,32953756,4391800000,2000000,3.7517
18,10,25.11,simetrico,48,15924744,4391800000,2000000,1.8130
18,10,26.07,simetrico,48,17105220,4391800000,2000000,1.9474
18,11,25.11,assimetrico,256,26648160,4391800000,2000000,3.0339
18,11,26.07,assimetrico,256,27470388,4391800000,2000000,3.1275
18,12,25.11,simetrico,64,15993164,4391800000,2000000,1.8208
18,12,26.07,simetrico,64,17072440,4391800000,2000000,1.9437
18,13,25.11,assimetrico,512,26290308,4391800000,2000000,2.9931
18,13,26.07,assimetrico,512,26756664,4391800000,2000000,3.0462
18,14,25.11,assimetrico,24,36929684,4391800000,2000000,4.2044
18,14,26.07,assimetrico,24,35972332,4391800000,2000000,4.0954
18,15,25.11,simetrico,96,15908112,4391800000,2000000,1.8111
18,15,26.07,simetrico,96,17095452,4391800000,2000000,1.9463
18,16,25.11,simetrico,16,20235644,4391800000,2000000,2.3038
18,16,26.07,simetrico,16,19159800,4391800000,2000000,2.1813
18,17,25.11,assimetrico,64,31384232,4391800000,2000000,3.5730
18,17,26.07,assimetrico,64,34434136,4391800000,2000000,3.9203
18,18,25.11,simetrico,256,16346176,4391800000,2000000,1.8610
18,18,26.07,simetrico,256,17136196,4391800000,2000000,1.9509
18,19,25.11,assimetrico,16,35554684,4391800000,2000000,4.0478
18,19,26.07,assimetrico,16,36807496,4391800000,2000000,4.1905
18,20,25.11,assimetrico,96,28305420,4391800000,2000000,3.2225
18,20,26.07,assimetrico,96,35460040,4391800000,2000000,4.0371
19,1,25.11,assimetrico,128,28359320,4391800000,2000000,3.2287
19,1,26.07,assimetrico,128,30138108,4391800000,2000000,3.4312
19,2,25.11,assimetrico,64,31635120,4391800000,2000000,3.6016
19,2,26.07,assimetrico,64,34702580,4391800000,2000000,3.9508
19,3,25.11,assimetrico,96,27884604,4391800000,2000000,3.1746
19,3,26.07,assimetrico,96,35598684,4391800000,2000000,4.0529
19,4,25.11,assimetrico,0,38127892,4391800000,2000000,4.3408
19,4,26.07,assimetrico,0,35261776,4391800000,2000000,4.0145
19,5,25.11,assimetrico,48,32657944,4391800000,2000000,3.7181
19,5,26.07,assimetrico,48,33112376,4391800000,2000000,3.7698
19,6,25.11,assimetrico,16,35870912,4391800000,2000000,4.0839
19,6,26.07,assimetrico,16,36322924,4391800000,2000000,4.1353
19,7,25.11,simetrico,256,15899928,4391800000,2000000,1.8102
19,7,26.07,simetrico,256,17130300,4391800000,2000000,1.9503
19,8,25.11,simetrico,24,15922412,4391800000,2000000,1.8127
19,8,26.07,simetrico,24,19122620,4391800000,2000000,2.1771
19,9,25.11,simetrico,48,16744860,4391800000,2000000,1.9064
19,9,26.07,simetrico,48,17097608,4391800000,2000000,1.9465
19,10,25.11,simetrico,32,15923380,4391800000,2000000,1.8129
19,10,26.07,simetrico,32,17089336,4391800000,2000000,1.9456
19,11,25.11,assimetrico,24,37581984,4391800000,2000000,4.2787
19,11,26.07,assimetrico,24,35481072,4391800000,2000000,4.0395
19,12,25.11,assimetrico,512,25919388,4391800000,2000000,2.9509
19,12,26.07,assimetrico,512,27659324,4391800000,2000000,3.1490
19,13,25.11,simetrico,0,17741768,4391800000,2000000,2.0199
19,13,26.07,simetrico,0,19493628,4391800000,2000000,2.2193
19,14,25.11,assimetrico,256,26313144,4391800000,2000000,2.9957
19,14,26.07,assimetrico,256,27893668,4391800000,2000000,3.1757
19,15,25.11,assimetrico,32,32790516,4391800000,2000000,3.7332
19,15,26.07,assimetrico,32,33399432,4391800000,2000000,3.8025
19,16,25.11,simetrico,64,16004516,4391800000,2000000,1.8221
19,16,26.07,simetrico,64,17188160,4391800000,2000000,1.9568
19,17,25.11,simetrico,128,15949252,4391800000,2000000,1.8158
19,17,26.07,simetrico,128,17110544,4391800000,2000000,1.9480
19,18,25.11,simetrico,96,16005836,4391800000,2000000,1.8222
19,18,26.07,simetrico,96,17130124,4391800000,2000000,1.9502
19,19,25.11,simetrico,512,15925580,4391800000,2000000,1.8131
19,19,26.07,simetrico,512,17112524,4391800000,2000000,1.9482
19,20,25.11,simetrico,16,20467304,4391800000,2000000,2.3302
19,20,26.07,simetrico,16,19082184,4391800000,2000000,2.1725
20,1,25.11,assimetrico,256,26423188,4391800000,2000000,3.0082
20,1,26.07,assimetrico,256,27778256,4391800000,2000000,3.1625
20,2,25.11,assimetrico,0,38634464,4391800000,2000000,4.3985
20,2,26.07,assimetrico,0,35956668,4391800000,2000000,4.0936
20,3,25.11,assimetrico,24,37205080,4391800000,2000000,4.2357
20,3,26.07,assimetrico,24,36170904,4391800000,2000000,4.1180
20,4,25.11,simetrico,256,16021808,4391800000,2000000,1.8241
20,4,26.07,simetrico,256,17119476,4391800000,2000000,1.9490
20,5,25.11,simetrico,24,15931256,4391800000,2000000,1.8138
20,5,26.07,simetrico,24,19121256,4391800000,2000000,2.1769
20,6,25.11,assimetrico,48,32899636,4391800000,2000000,3.7456
20,6,26.07,assimetrico,48,32918556,4391800000,2000000,3.7477
20,7,25.11,simetrico,32,15923864,4391800000,2000000,1.8129
20,7,26.07,simetrico,32,17105572,4391800000,2000000,1.9474
20,8,25.11,simetrico,64,15915460,4391800000,2000000,1.8120
20,8,26.07,simetrico,64,17096244,4391800000,2000000,1.9464
20,9,25.11,simetrico,48,15896144,4391800000,2000000,1.8098
20,9,26.07,simetrico,48,17127880,4391800000,2000000,1.9500
20,10,25.11,assimetrico,32,33679184,4391800000,2000000,3.8343
20,10,26.07,assimetrico,32,32721304,4391800000,2000000,3.7253
20,11,25.11,simetrico,96,15950000,4391800000,2000000,1.8159
20,11,26.07,simetrico,96,17095188,4391800000,2000000,1.9463
20,12,25.11,assimetrico,16,36118984,4391800000,2000000,4.1121
20,12,26.07,assimetrico,16,36070584,4391800000,2000000,4.1066
20,13,25.11,assimetrico,512,26268308,4391800000,2000000,2.9906
20,13,26.07,assimetrico,512,26046636,4391800000,2000000,2.9654
20,14,25.11,simetrico,512,15931212,4391800000,2000000,1.8137
20,14,26.07,simetrico,512,17111424,4391800000,2000000,1.9481
20,15,25.11,assimetrico,96,27729768,4391800000,2000000,3.1570
20,15,26.07,assimetrico,96,34816452,4391800000,2000000,3.9638
20,16,25.11,assimetrico,128,28360728,4391800000,2000000,3.2288
20,16,26.07,assimetrico,128,30429916,4391800000,2000000,3.4644
20,17,25.11,simetrico,128,15911896,4391800000,2000000,1.8115
20,17,26.07,simetrico,128,17174520,4391800000,2000000,1.9553
20,18,25.11,simetrico,0,17939064,4391800000,2000000,2.0423
20,18,26.07,simetrico,0,18852240,4391800000,2000000,2.1463
20,19,25.11,simetrico,16,20086176,4391800000,2000000,2.2868
20,19,26.07,simetrico,16,19113204,4391800000,2000000,2.1760
20,20,25.11,assimetrico,64,31792288,4391800000,2000000,3.6195
20,20,26.07,assimetrico,64,34899876,4391800000,2000000,3.9733
21,1,25.11,simetrico,32,15927736,4391800000,2000000,1.8133
21,1,26.07,simetrico,32,17147504,4391800000,2000000,1.9522
21,2,25.11,assimetrico,512,25995508,4391800000,2000000,2.9596
21,2,26.07,assimetrico,512,25633080,4391800000,2000000,2.9183
21,3,25.11,simetrico,0,18107760,4391800000,2000000,2.0615
21,3,26.07,simetrico,0,19610360,4391800000,2000000,2.2326
21,4,25.11,assimetrico,128,28131796,4391800000,2000000,3.2028
21,4,26.07,assimetrico,128,29374400,4391800000,2000000,3.3442
21,5,25.11,assimetrico,64,32126864,4391800000,2000000,3.6576
21,5,26.07,assimetrico,64,34394624,4391800000,2000000,3.9158
21,6,25.11,simetrico,16,20375300,4391800000,2000000,2.3197
21,6,26.07,simetrico,16,19230904,4391800000,2000000,2.1894
21,7,25.11,simetrico,64,15913656,4391800000,2000000,1.8117
21,7,26.07,simetrico,64,17107112,4391800000,2000000,1.9476
21,8,25.11,assimetrico,96,27936040,4391800000,2000000,3.1805
21,8,26.07,assimetrico,96,35120888,4391800000,2000000,3.9985
21,9,25.11,simetrico,256,15947272,4391800000,2000000,1.8156
21,9,26.07,simetrico,256,17104032,4391800000,2000000,1.9473
21,10,25.11,simetrico,512,15930156,4391800000,2000000,1.8136
21,10,26.07,simetrico,512,17140024,4391800000,2000000,1.9514
21,11,25.11,assimetrico,32,33383636,4391800000,2000000,3.8007
21,11,26.07,assimetrico,32,32690768,4391800000,2000000,3.7218
21,12,25.11,assimetrico,256,26453460,4391800000,2000000,3.0117
21,12,26.07,assimetrico,256,27456484,4391800000,2000000,3.1259
21,13,25.11,simetrico,24,15968920,4391800000,2000000,1.8180
21,13,26.07,simetrico,24,19146336,4391800000,2000000,2.1798
21,14,25.11,assimetrico,48,32646812,4391800000,2000000,3.7168
21,14,26.07,assimetrico,48,33203324,4391800000,2000000,3.7801
21,15,25.11,simetrico,48,15969536,4391800000,2000000,1.8181
21,15,26.07,simetrico,48,17127000,4391800000,2000000,1.9499
21,16,25.11,simetrico,128,15927340,4391800000,2000000,1.8133
21,16,26.07,simetrico,128,17124492,4391800000,2000000,1.9496
21,17,25.11,simetrico,96,15890864,4391800000,2000000,1.8092
21,17,26.07,simetrico,96,17097300,4391800000,2000000,1.9465
21,18,25.11,assimetrico,16,34902252,4391800000,2000000,3.9736
21,18,26.07,assimetrico,16,36165052,4391800000,2000000,4.1173
21,19,25.11,assimetrico,24,37690840,4391800000,2000000,4.2910
21,19,26.07,assimetrico,24,36184412,4391800000,2000000,4.1195
21,20,25.11,assimetrico,0,38105980,4391800000,2000000,4.3383
21,20,26.07,assimetrico,0,35214784,4391800000,2000000,4.0092
